slice_file_name,classID,fold
201652-5-2-4.wav,5,2
76091-6-1-0.wav,6,2
72539-3-0-8.wav,3,2
72567-1-4-7.wav,1,2
203929-7-7-16.wav,7,2
168713-9-0-33.wav,9,2
203929-7-1-1.wav,7,2
113785-3-0-0.wav,3,2
18581-3-0-0.wav,3,2
146690-0-0-43.wav,0,2
34621-4-5-0.wav,4,2
34621-4-8-0.wav,4,2
194841-9-0-164.wav,9,2
174906-2-0-10.wav,2,2
123688-8-1-5.wav,8,2
189023-0-0-3.wav,0,2
123688-8-0-8.wav,8,2
172593-2-0-10.wav,2,2
159750-8-0-6.wav,8,2
189023-0-0-11.wav,0,2
177592-5-0-2.wav,5,2
203929-7-1-7.wav,7,2
77751-4-9-3.wav,4,2
189023-0-0-8.wav,0,2
56385-0-0-0.wav,0,2
203929-7-3-5.wav,7,2
203929-7-4-7.wav,7,2
203929-7-5-10.wav,7,2
93193-9-1-6.wav,9,2
203929-7-6-2.wav,7,2
100652-3-0-0.wav,3,2
194841-9-0-144.wav,9,2
159747-8-0-4.wav,8,2
60605-9-0-34.wav,9,2
59594-4-0-2.wav,4,2
159743-8-0-0.wav,8,2
156893-7-1-0.wav,7,2
146690-0-0-47.wav,0,2
178520-2-0-23.wav,2,2
160011-2-0-7.wav,2,2
156893-7-5-0.wav,7,2
73623-7-2-0.wav,7,2
174906-2-0-11.wav,2,2
201652-5-4-5.wav,5,2
74226-9-0-14.wav,9,2
72567-1-1-0.wav,1,2
94710-5-0-2.wav,5,2
146690-0-0-116.wav,0,2
149177-6-0-0.wav,6,2
147926-0-0-12.wav,0,2
74458-9-1-12.wav,9,2
159750-8-0-5.wav,8,2
201652-5-4-6.wav,5,2
100652-3-0-2.wav,3,2
189023-0-0-0.wav,0,2
104817-4-0-9.wav,4,2
74507-0-0-24.wav,0,2
160366-3-0-13.wav,3,2
74507-0-0-11.wav,0,2
156893-7-4-0.wav,7,2
34621-4-11-0.wav,4,2
27349-3-0-2.wav,3,2
79377-9-0-12.wav,9,2
102858-5-0-0.wav,5,2
27349-3-2-1.wav,3,2
74458-9-2-18.wav,9,2
177592-5-0-4.wav,5,2
98202-9-1-5.wav,9,2
152908-5-0-0.wav,5,2
149370-9-0-21.wav,9,2
76091-6-3-0.wav,6,2
74226-9-0-0.wav,9,2
160011-2-0-34.wav,2,2
203929-7-9-12.wav,7,2
203929-7-3-1.wav,7,2
98202-9-0-7.wav,9,2
189023-0-0-12.wav,0,2
169098-7-4-10.wav,7,2
72539-3-0-1.wav,3,2
77751-4-7-0.wav,4,2
152908-5-0-9.wav,5,2
147926-0-0-2.wav,0,2
203929-7-1-3.wav,7,2
100652-3-0-1.wav,3,2
18581-3-0-5.wav,3,2
203929-7-4-1.wav,7,2
74226-9-0-10.wav,9,2
152908-5-0-13.wav,5,2
74507-0-0-13.wav,0,2
146690-0-0-86.wav,0,2
77751-4-9-1.wav,4,2
155234-1-0-0.wav,1,2
77751-4-6-0.wav,4,2
155219-2-0-1.wav,2,2
177592-5-0-6.wav,5,2
115537-3-0-0.wav,3,2
98202-9-0-4.wav,9,2
132073-1-0-0.wav,1,2
106015-5-0-18.wav,5,2
72567-1-4-5.wav,1,2
160366-3-0-8.wav,3,2
203929-7-2-2.wav,7,2
123688-8-2-1.wav,8,2
180126-4-4-0.wav,4,2
40717-8-0-4.wav,8,2
160011-2-0-3.wav,2,2
102871-8-0-12.wav,8,2
34621-4-24-0.wav,4,2
180126-4-1-2.wav,4,2
76089-6-0-0.wav,6,2
197320-6-6-0.wav,6,2
14387-9-0-11.wav,9,2
146690-0-0-93.wav,0,2
50416-4-0-2.wav,4,2
74458-9-0-5.wav,9,2
168713-9-0-46.wav,9,2
145608-6-1-0.wav,6,2
203929-7-9-18.wav,7,2
49808-3-1-8.wav,3,2
203929-7-6-8.wav,7,2
76086-4-0-50.wav,4,2
203929-7-2-3.wav,7,2
123688-8-2-2.wav,8,2
194841-9-0-48.wav,9,2
178520-2-0-42.wav,2,2
158597-2-0-33.wav,2,2
203929-7-2-0.wav,7,2
72567-1-0-0.wav,1,2
169098-7-0-0.wav,7,2
77751-4-0-1.wav,4,2
146690-0-0-151.wav,0,2
96169-9-1-74.wav,9,2
196082-2-0-0.wav,2,2
76086-4-0-38.wav,4,2
106015-5-0-13.wav,5,2
174906-2-0-20.wav,2,2
96920-9-0-11.wav,9,2
182739-2-0-62.wav,2,2
96475-9-0-4.wav,9,2
156893-7-10-0.wav,7,2
203929-7-5-6.wav,7,2
147926-0-0-50.wav,0,2
185800-4-0-1.wav,4,2
203929-7-4-4.wav,7,2
132073-1-4-0.wav,1,2
180126-4-3-0.wav,4,2
77751-4-0-0.wav,4,2
203929-7-9-9.wav,7,2
203929-7-7-13.wav,7,2
196067-2-0-0.wav,2,2
162541-1-1-0.wav,1,2
179864-1-0-0.wav,1,2
123688-8-0-15.wav,8,2
4911-3-0-0.wav,3,2
169098-7-0-6.wav,7,2
158597-2-0-85.wav,2,2
197320-6-11-0.wav,6,2
77751-4-3-0.wav,4,2
197320-6-7-0.wav,6,2
201652-5-3-2.wav,5,2
203929-7-9-4.wav,7,2
23131-3-2-0.wav,3,2
102858-5-0-1.wav,5,2
27349-3-0-6.wav,3,2
96475-9-0-5.wav,9,2
203929-7-8-0.wav,7,2
201652-5-4-2.wav,5,2
59594-4-0-0.wav,4,2
123688-8-0-14.wav,8,2
143970-5-0-2.wav,5,2
162541-1-0-0.wav,1,2
189023-0-0-6.wav,0,2
98202-9-1-20.wav,9,2
74495-3-0-0.wav,3,2
54545-3-0-1.wav,3,2
123688-8-0-4.wav,8,2
71080-4-0-0.wav,4,2
192269-2-0-18.wav,2,2
159750-8-0-3.wav,8,2
123688-8-0-13.wav,8,2
203929-7-7-4.wav,7,2
169098-7-4-5.wav,7,2
146690-0-0-112.wav,0,2
192269-2-0-37.wav,2,2
203929-7-2-11.wav,7,2
23131-3-4-0.wav,3,2
203929-7-1-2.wav,7,2
94710-5-1-0.wav,5,2
106015-5-0-12.wav,5,2
76086-4-0-17.wav,4,2
40717-8-0-3.wav,8,2
4201-3-3-0.wav,3,2
74458-9-1-5.wav,9,2
155219-2-0-57.wav,2,2
56385-0-0-1.wav,0,2
132073-1-5-0.wav,1,2
104817-4-0-11.wav,4,2
189991-0-0-2.wav,0,2
74507-0-0-12.wav,0,2
96920-9-0-13.wav,9,2
104817-4-0-1.wav,4,2
112195-3-0-57.wav,3,2
77751-4-4-0.wav,4,2
192269-2-0-11.wav,2,2
174994-3-0-0.wav,3,2
147926-0-0-39.wav,0,2
172593-2-0-28.wav,2,2
102871-8-0-5.wav,8,2
203929-7-7-2.wav,7,2
108187-3-6-0.wav,3,2
173995-3-0-0.wav,3,2
169098-7-3-0.wav,7,2
97193-3-0-6.wav,3,2
152908-5-0-10.wav,5,2
72567-1-5-0.wav,1,2
72567-1-4-3.wav,1,2
156893-7-0-0.wav,7,2
76086-4-0-56.wav,4,2
203929-7-4-0.wav,7,2
76091-6-0-0.wav,6,2
203929-7-2-6.wav,7,2
84359-2-0-8.wav,2,2
106015-5-0-1.wav,5,2
106015-5-0-8.wav,5,2
163460-6-0-0.wav,6,2
146690-0-0-155.wav,0,2
72567-1-2-0.wav,1,2
73623-7-3-0.wav,7,2
146690-0-0-80.wav,0,2
203929-7-7-10.wav,7,2
172593-2-0-22.wav,2,2
201652-5-5-1.wav,5,2
179866-1-1-0.wav,1,2
112195-3-0-48.wav,3,2
169098-7-0-4.wav,7,2
203929-7-3-10.wav,7,2
182739-2-0-24.wav,2,2
203128-3-1-0.wav,3,2
60591-2-0-16.wav,2,2
102871-8-0-10.wav,8,2
203929-7-7-12.wav,7,2
74507-0-0-15.wav,0,2
146690-0-0-87.wav,0,2
22347-3-1-2.wav,3,2
203929-7-1-8.wav,7,2
76086-4-0-43.wav,4,2
146690-0-0-165.wav,0,2
149370-9-0-22.wav,9,2
39970-9-0-54.wav,9,2
74507-0-0-23.wav,0,2
46668-4-0-2.wav,4,2
149370-9-0-37.wav,9,2
143970-5-0-3.wav,5,2
34621-4-21-0.wav,4,2
158607-3-1-0.wav,3,2
79377-9-0-2.wav,9,2
178520-2-0-29.wav,2,2
96169-9-1-3.wav,9,2
172593-2-0-27.wav,2,2
96920-9-0-3.wav,9,2
155219-2-0-25.wav,2,2
203929-7-3-3.wav,7,2
73623-7-4-0.wav,7,2
19218-3-0-0.wav,3,2
40717-8-0-5.wav,8,2
203929-7-6-1.wav,7,2
189023-0-0-13.wav,0,2
147926-0-0-16.wav,0,2
102871-8-0-0.wav,8,2
159750-8-0-2.wav,8,2
66996-8-3-0.wav,8,2
76091-6-2-0.wav,6,2
76086-4-0-24.wav,4,2
203929-7-5-1.wav,7,2
113201-5-0-1.wav,5,2
174906-2-0-14.wav,2,2
54545-3-0-0.wav,3,2
109703-2-0-14.wav,2,2
73623-7-5-0.wav,7,2
147926-0-0-4.wav,0,2
201652-5-3-4.wav,5,2
197320-6-9-0.wav,6,2
123688-8-0-11.wav,8,2
178521-2-0-93.wav,2,2
155129-1-0-0.wav,1,2
74507-0-0-22.wav,0,2
152908-5-0-7.wav,5,2
203929-7-3-2.wav,7,2
168713-9-0-62.wav,9,2
196384-9-0-15.wav,9,2
123688-8-0-16.wav,8,2
98202-9-1-27.wav,9,2
76086-4-0-19.wav,4,2
123688-8-2-4.wav,8,2
113201-5-0-5.wav,5,2
59594-4-0-1.wav,4,2
185800-4-0-0.wav,4,2
180126-4-0-0.wav,4,2
196384-9-0-18.wav,9,2
169098-7-0-7.wav,7,2
152908-5-0-5.wav,5,2
159750-8-0-8.wav,8,2
74458-9-0-7.wav,9,2
72567-1-2-5.wav,1,2
155219-2-0-24.wav,2,2
104817-4-0-4.wav,4,2
118962-3-0-0.wav,3,2
84359-2-0-5.wav,2,2
18581-3-1-3.wav,3,2
155219-2-0-22.wav,2,2
156893-7-6-0.wav,7,2
102871-8-0-3.wav,8,2
76091-6-4-0.wav,6,2
201652-5-1-0.wav,5,2
156893-7-8-0.wav,7,2
91396-8-0-0.wav,8,2
180126-4-1-1.wav,4,2
201652-5-0-3.wav,5,2
145608-6-2-0.wav,6,2
106015-5-0-20.wav,5,2
60591-2-0-7.wav,2,2
74507-0-0-28.wav,0,2
106015-5-0-11.wav,5,2
14387-9-0-19.wav,9,2
84359-2-0-0.wav,2,2
201652-5-4-7.wav,5,2
147926-0-0-36.wav,0,2
165643-4-0-0.wav,4,2
96169-9-1-49.wav,9,2
147926-0-0-37.wav,0,2
201652-5-2-0.wav,5,2
203929-7-9-20.wav,7,2
104817-4-0-0.wav,4,2
109703-2-0-48.wav,2,2
160011-2-0-0.wav,2,2
96475-9-0-6.wav,9,2
196063-2-0-0.wav,2,2
174994-3-0-4.wav,3,2
14780-9-0-0.wav,9,2
155219-2-0-0.wav,2,2
166421-3-0-31.wav,3,2
33849-3-0-0.wav,3,2
18453-3-0-0.wav,3,2
168713-9-0-32.wav,9,2
102104-3-0-0.wav,3,2
132073-1-1-0.wav,1,2
197320-6-0-0.wav,6,2
94710-5-0-0.wav,5,2
34621-4-18-0.wav,4,2
22347-3-1-1.wav,3,2
149370-9-0-19.wav,9,2
197320-6-8-0.wav,6,2
123688-8-0-1.wav,8,2
146690-0-0-125.wav,0,2
34621-4-17-0.wav,4,2
17307-1-0-0.wav,1,2
123688-8-0-2.wav,8,2
106015-5-0-2.wav,5,2
169098-7-1-0.wav,7,2
102871-8-0-15.wav,8,2
174906-2-0-18.wav,2,2
159747-8-0-1.wav,8,2
4201-3-0-0.wav,3,2
74507-0-0-27.wav,0,2
74507-0-0-17.wav,0,2
72567-1-2-4.wav,1,2
39970-9-0-46.wav,9,2
160366-3-0-4.wav,3,2
23131-3-5-0.wav,3,2
179096-3-0-1.wav,3,2
203929-7-2-9.wav,7,2
76090-6-1-0.wav,6,2
201652-5-3-0.wav,5,2
203929-7-9-24.wav,7,2
166421-3-0-29.wav,3,2
201652-5-4-1.wav,5,2
196384-9-0-27.wav,9,2
178521-2-0-2.wav,2,2
146690-0-0-137.wav,0,2
149254-9-0-25.wav,9,2
23131-3-0-0.wav,3,2
201652-5-5-4.wav,5,2
94710-5-0-1.wav,5,2
159747-8-0-3.wav,8,2
60605-9-0-90.wav,9,2
177592-5-0-5.wav,5,2
180126-4-4-2.wav,4,2
74507-0-0-2.wav,0,2
155129-1-2-0.wav,1,2
189023-0-0-9.wav,0,2
34621-4-1-0.wav,4,2
146690-0-0-38.wav,0,2
192269-2-0-35.wav,2,2
91396-8-0-3.wav,8,2
178521-2-0-18.wav,2,2
96920-9-0-2.wav,9,2
74507-0-0-16.wav,0,2
84359-2-0-2.wav,2,2
96475-9-0-3.wav,9,2
72567-1-2-1.wav,1,2
74507-0-0-0.wav,0,2
147672-3-0-0.wav,3,2
60605-9-0-52.wav,9,2
102871-8-0-2.wav,8,2
189991-0-0-0.wav,0,2
40717-8-0-0.wav,8,2
197320-6-10-0.wav,6,2
49808-3-1-22.wav,3,2
72567-1-4-2.wav,1,2
34621-4-7-0.wav,4,2
179096-3-0-9.wav,3,2
72567-1-2-3.wav,1,2
123688-8-1-1.wav,8,2
197320-6-4-0.wav,6,2
104817-4-0-2.wav,4,2
159710-6-0-0.wav,6,2
79377-9-0-13.wav,9,2
179096-3-0-5.wav,3,2
93193-9-0-4.wav,9,2
97193-3-0-0.wav,3,2
147926-0-0-28.wav,0,2
123688-8-0-12.wav,8,2
159747-8-0-19.wav,8,2
179866-1-0-0.wav,1,2
189991-0-0-5.wav,0,2
203128-3-6-0.wav,3,2
76086-4-0-2.wav,4,2
118723-4-0-0.wav,4,2
76086-4-0-22.wav,4,2
106015-5-0-5.wav,5,2
50898-5-0-0.wav,5,2
147926-0-0-10.wav,0,2
147926-0-0-54.wav,0,2
147926-0-0-21.wav,0,2
34621-4-14-0.wav,4,2
160092-3-0-0.wav,3,2
113201-5-0-3.wav,5,2
77751-4-9-0.wav,4,2
77751-4-1-1.wav,4,2
201652-5-2-1.wav,5,2
155219-2-0-26.wav,2,2
169098-7-4-3.wav,7,2
189023-0-0-10.wav,0,2
46655-6-0-0.wav,6,2
155129-1-1-0.wav,1,2
204773-3-8-0.wav,3,2
182739-2-0-56.wav,2,2
160011-2-0-1.wav,2,2
74507-0-0-5.wav,0,2
158607-3-2-0.wav,3,2
169098-7-4-6.wav,7,2
71080-4-1-0.wav,4,2
203929-7-1-6.wav,7,2
106015-5-0-19.wav,5,2
201652-5-0-0.wav,5,2
185800-4-2-0.wav,4,2
201652-5-2-2.wav,5,2
146690-0-0-18.wav,0,2
149254-9-0-56.wav,9,2
46668-4-0-1.wav,4,2
113201-5-0-6.wav,5,2
69883-3-0-9.wav,3,2
146690-0-0-8.wav,0,2
196078-2-0-0.wav,2,2
74507-0-0-25.wav,0,2
104817-4-0-7.wav,4,2
108187-3-4-0.wav,3,2
169098-7-0-5.wav,7,2
113201-5-0-7.wav,5,2
174906-2-0-8.wav,2,2
63261-3-0-1.wav,3,2
76086-4-0-55.wav,4,2
189023-0-0-4.wav,0,2
203929-7-9-17.wav,7,2
201652-5-2-5.wav,5,2
178521-2-0-86.wav,2,2
72539-3-0-5.wav,3,2
189023-0-0-1.wav,0,2
146690-0-0-100.wav,0,2
147672-3-2-0.wav,3,2
172593-2-0-18.wav,2,2
102871-8-0-9.wav,8,2
44735-5-0-1.wav,5,2
73623-7-6-0.wav,7,2
160366-3-0-7.wav,3,2
40717-8-0-6.wav,8,2
74226-9-0-7.wav,9,2
196384-9-0-16.wav,9,2
74226-9-0-6.wav,9,2
201652-5-0-1.wav,5,2
203929-7-5-0.wav,7,2
77751-4-5-0.wav,4,2
84359-2-0-6.wav,2,2
106015-5-0-9.wav,5,2
159750-8-0-1.wav,8,2
59594-4-0-3.wav,4,2
79377-9-0-10.wav,9,2
123688-8-0-9.wav,8,2
178521-2-0-7.wav,2,2
102871-8-0-11.wav,8,2
197320-6-5-0.wav,6,2
76086-4-0-29.wav,4,2
201652-5-5-5.wav,5,2
22347-3-3-0.wav,3,2
34621-4-22-0.wav,4,2
203929-7-10-1.wav,7,2
172593-2-0-13.wav,2,2
203929-7-6-11.wav,7,2
72567-1-0-1.wav,1,2
76086-4-0-23.wav,4,2
177592-5-0-7.wav,5,2
203929-7-4-12.wav,7,2
60591-2-0-8.wav,2,2
189023-0-0-2.wav,0,2
192269-2-0-24.wav,2,2
147926-0-0-41.wav,0,2
76086-4-0-53.wav,4,2
158597-2-0-2.wav,2,2
108187-3-3-0.wav,3,2
37236-6-0-0.wav,6,2
123688-8-0-0.wav,8,2
14780-9-0-1.wav,9,2
196384-9-0-11.wav,9,2
169098-7-0-1.wav,7,2
201652-5-3-1.wav,5,2
60605-9-0-64.wav,9,2
165775-7-1-0.wav,7,2
173995-3-0-11.wav,3,2
146690-0-0-115.wav,0,2
84359-2-0-1.wav,2,2
84359-2-0-9.wav,2,2
74507-0-0-1.wav,0,2
39970-9-0-142.wav,9,2
178520-2-0-39.wav,2,2
98202-9-0-10.wav,9,2
94401-1-0-0.wav,1,2
156893-7-3-0.wav,7,2
203929-7-4-11.wav,7,2
173995-3-0-3.wav,3,2
169098-7-3-1.wav,7,2
93193-9-1-19.wav,9,2
203929-7-4-6.wav,7,2
203929-7-2-8.wav,7,2
174906-2-0-6.wav,2,2
146690-0-0-25.wav,0,2
159747-8-0-14.wav,8,2
60591-2-0-12.wav,2,2
104817-4-0-8.wav,4,2
74507-0-0-6.wav,0,2
123688-8-0-10.wav,8,2
156893-7-11-0.wav,7,2
203929-7-4-10.wav,7,2
189991-0-0-6.wav,0,2
93193-9-1-11.wav,9,2
66996-8-1-0.wav,8,2
147926-0-0-17.wav,0,2
147926-0-0-5.wav,0,2
152908-5-0-3.wav,5,2
203128-3-3-0.wav,3,2
201652-5-3-3.wav,5,2
168713-9-0-38.wav,9,2
152908-5-0-12.wav,5,2
127872-0-0-0.wav,0,2
76091-6-5-0.wav,6,2
147672-3-1-0.wav,3,2
147926-0-0-20.wav,0,2
14387-9-0-15.wav,9,2
123688-8-1-2.wav,8,2
203929-7-6-3.wav,7,2
146690-0-0-154.wav,0,2
149254-9-0-29.wav,9,2
197320-6-2-0.wav,6,2
177592-5-0-10.wav,5,2
69883-3-0-5.wav,3,2
74507-0-0-9.wav,0,2
203128-3-9-0.wav,3,2
106015-5-0-0.wav,5,2
33849-3-3-0.wav,3,2
203929-7-1-0.wav,7,2
146690-0-0-117.wav,0,2
160011-2-0-9.wav,2,2
178520-2-0-28.wav,2,2
102871-8-0-4.wav,8,2
169098-7-0-8.wav,7,2
177592-5-0-9.wav,5,2
159747-8-0-15.wav,8,2
177592-5-0-3.wav,5,2
166421-3-0-5.wav,3,2
22347-3-0-0.wav,3,2
201652-5-4-0.wav,5,2
106015-5-0-15.wav,5,2
204773-3-7-1.wav,3,2
123688-8-0-17.wav,8,2
74507-0-0-10.wav,0,2
74507-0-0-3.wav,0,2
159747-8-0-10.wav,8,2
203929-7-7-3.wav,7,2
109703-2-0-32.wav,2,2
60605-9-0-95.wav,9,2
169098-7-4-7.wav,7,2
123688-8-0-3.wav,8,2
39970-9-0-108.wav,9,2
123688-8-0-7.wav,8,2
169098-7-0-2.wav,7,2
40717-8-0-2.wav,8,2
182739-2-0-78.wav,2,2
156893-7-9-0.wav,7,2
106015-5-0-10.wav,5,2
159747-8-0-9.wav,8,2
204773-3-9-0.wav,3,2
100652-3-0-3.wav,3,2
152908-5-0-1.wav,5,2
106015-5-0-16.wav,5,2
91396-8-0-2.wav,8,2
102871-8-0-13.wav,8,2
72567-1-4-0.wav,1,2
203929-7-4-2.wav,7,2
50416-4-0-1.wav,4,2
194841-9-0-178.wav,9,2
168713-9-0-82.wav,9,2
72567-1-4-6.wav,1,2
178520-2-0-38.wav,2,2
152908-5-0-2.wav,5,2
155219-2-0-51.wav,2,2
185800-4-2-1.wav,4,2
96920-9-0-0.wav,9,2
112195-3-0-80.wav,3,2
197320-6-1-0.wav,6,2
158597-2-0-30.wav,2,2
34621-4-25-0.wav,4,2
180126-4-1-0.wav,4,2
204773-3-9-1.wav,3,2
76086-4-0-58.wav,4,2
104817-4-0-10.wav,4,2
123688-8-0-5.wav,8,2
189991-0-0-1.wav,0,2
203929-7-5-11.wav,7,2
147926-0-0-27.wav,0,2
172593-2-0-14.wav,2,2
96169-9-1-55.wav,9,2
102871-8-0-8.wav,8,2
189991-0-0-4.wav,0,2
39970-9-0-98.wav,9,2
158597-2-0-41.wav,2,2
159750-8-0-0.wav,8,2
74507-0-0-8.wav,0,2
158597-2-0-57.wav,2,2
96169-9-1-61.wav,9,2
143970-5-0-0.wav,5,2
169098-7-4-0.wav,7,2
146690-0-0-17.wav,0,2
35800-6-0-0.wav,6,2
72567-1-3-0.wav,1,2
46668-4-0-0.wav,4,2
203929-7-5-7.wav,7,2
109703-2-0-29.wav,2,2
156893-7-2-0.wav,7,2
74495-3-0-1.wav,3,2
132073-1-2-0.wav,1,2
104817-4-0-3.wav,4,2
73623-7-1-0.wav,7,2
74507-0-0-4.wav,0,2
158597-2-0-3.wav,2,2
123688-8-1-0.wav,8,2
60591-2-0-11.wav,2,2
50416-4-0-0.wav,4,2
40717-8-0-1.wav,8,2
152908-5-0-11.wav,5,2
74507-0-0-20.wav,0,2
159747-8-0-5.wav,8,2
159750-8-0-4.wav,8,2
147926-0-0-35.wav,0,2
104817-4-0-6.wav,4,2
169098-7-4-2.wav,7,2
203929-7-10-0.wav,7,2
194841-9-0-130.wav,9,2
34621-4-2-0.wav,4,2
180126-4-4-1.wav,4,2
172593-2-0-29.wav,2,2
109703-2-0-153.wav,2,2
179096-3-0-10.wav,3,2
146690-0-0-64.wav,0,2
112195-3-0-38.wav,3,2
33849-3-4-0.wav,3,2
149254-9-0-42.wav,9,2
203929-7-7-9.wav,7,2
34621-4-15-0.wav,4,2
76086-4-0-14.wav,4,2
123688-8-0-6.wav,8,2
158607-3-0-0.wav,3,2
159747-8-0-20.wav,8,2
165775-7-0-0.wav,7,2
113201-5-0-2.wav,5,2
49808-3-0-6.wav,3,2
18581-3-1-1.wav,3,2
159747-8-0-21.wav,8,2
203929-7-7-14.wav,7,2
196063-2-0-1.wav,2,2
54545-3-0-2.wav,3,2
106015-5-0-17.wav,5,2
102871-8-0-6.wav,8,2
123688-8-1-3.wav,8,2
203929-7-9-6.wav,7,2
185800-4-2-2.wav,4,2
185800-4-1-0.wav,4,2
147926-0-0-11.wav,0,2
149254-9-0-30.wav,9,2
132073-1-6-0.wav,1,2
132073-1-3-0.wav,1,2
174906-2-0-21.wav,2,2
173995-3-0-27.wav,3,2
147926-0-0-34.wav,0,2
76086-4-0-3.wav,4,2
177592-5-0-0.wav,5,2
77751-4-2-0.wav,4,2
96169-9-1-10.wav,9,2
76090-6-0-0.wav,6,2
177592-5-0-1.wav,5,2
113201-5-0-0.wav,5,2
74507-0-0-14.wav,0,2
76086-4-0-36.wav,4,2
201652-5-4-8.wav,5,2
189991-0-0-3.wav,0,2
196063-2-0-2.wav,2,2
159747-8-0-7.wav,8,2
169098-7-4-4.wav,7,2
72567-1-4-4.wav,1,2
192269-2-0-54.wav,2,2
27349-3-1-2.wav,3,2
201652-5-5-3.wav,5,2
203929-7-9-8.wav,7,2
34621-4-12-0.wav,4,2
113201-5-0-4.wav,5,2
33849-3-2-0.wav,3,2
197320-6-12-0.wav,6,2
189991-0-0-7.wav,0,2
182739-2-0-17.wav,2,2
201652-5-4-4.wav,5,2
34621-4-16-0.wav,4,2
169098-7-0-3.wav,7,2
160011-2-0-12.wav,2,2
106015-5-0-3.wav,5,2
203929-7-3-9.wav,7,2
203929-7-10-2.wav,7,2
156893-7-7-0.wav,7,2
72539-3-0-6.wav,3,2
113785-3-1-0.wav,3,2
147926-0-0-42.wav,0,2
203929-7-7-15.wav,7,2
203929-7-9-15.wav,7,2
63261-3-0-0.wav,3,2
123688-8-2-3.wav,8,2
146690-0-0-140.wav,0,2
34621-4-20-0.wav,4,2
76086-4-0-32.wav,4,2
108187-3-2-0.wav,3,2
74226-9-0-21.wav,9,2
146690-0-0-35.wav,0,2
169098-7-2-0.wav,7,2
201652-5-5-0.wav,5,2
152908-5-0-6.wav,5,2
77751-4-9-2.wav,4,2
72567-1-4-1.wav,1,2
169098-7-4-1.wav,7,2
60591-2-0-15.wav,2,2
93193-9-1-18.wav,9,2
192269-2-0-56.wav,2,2
201652-5-4-9.wav,5,2
159747-8-0-12.wav,8,2
60605-9-0-73.wav,9,2
123688-8-1-4.wav,8,2
76086-4-0-18.wav,4,2
59594-4-0-4.wav,4,2
162541-1-2-0.wav,1,2
145577-1-0-0.wav,1,2
175844-1-0-0.wav,1,2
145608-6-0-0.wav,6,2
169098-7-0-9.wav,7,2
96475-9-0-9.wav,9,2
44735-5-0-0.wav,5,2
201652-5-2-3.wav,5,2
174293-6-2-0.wav,6,2
39970-9-0-41.wav,9,2
182739-2-0-13.wav,2,2
178521-2-0-69.wav,2,2
77751-4-8-0.wav,4,2
169098-7-4-8.wav,7,2
102871-8-0-1.wav,8,2
178520-2-0-27.wav,2,2
60591-2-0-4.wav,2,2
197320-6-3-0.wav,6,2
73623-7-0-0.wav,7,2
159747-8-0-17.wav,8,2
158597-2-0-16.wav,2,2
180126-4-2-0.wav,4,2
104817-4-0-5.wav,4,2
169098-7-4-9.wav,7,2
203929-7-9-11.wav,7,2
89211-3-0-0.wav,3,2
76086-4-0-27.wav,4,2
152908-5-0-8.wav,5,2
147926-0-0-52.wav,0,2
196384-9-0-2.wav,9,2
4201-3-2-0.wav,3,2
147926-0-0-44.wav,0,2
194841-9-0-222.wav,9,2
91396-8-0-1.wav,8,2
4201-3-1-0.wav,3,2
97193-3-0-1.wav,3,2
203929-7-7-0.wav,7,2
159747-8-0-8.wav,8,2
182739-2-0-35.wav,2,2
34621-4-26-0.wav,4,2
174994-3-0-1.wav,3,2
96475-9-0-0.wav,9,2
203929-7-2-5.wav,7,2
160011-2-0-5.wav,2,2
203929-7-9-19.wav,7,2
159750-8-0-7.wav,8,2
79377-9-0-8.wav,9,2
94710-5-0-3.wav,5,2
159747-8-0-6.wav,8,2
159747-8-0-18.wav,8,2
189023-0-0-5.wav,0,2
60591-2-0-2.wav,2,2
178521-2-0-70.wav,2,2
178520-2-0-11.wav,2,2
203929-7-4-8.wav,7,2
106015-5-0-7.wav,5,2
152908-5-0-4.wav,5,2
159747-8-0-11.wav,8,2
182739-2-0-85.wav,2,2
159747-8-0-0.wav,8,2
79377-9-0-4.wav,9,2
102871-8-0-14.wav,8,2
177592-5-0-8.wav,5,2
56385-0-0-2.wav,0,2
34621-4-4-0.wav,4,2
201652-5-0-2.wav,5,2
14387-9-0-12.wav,9,2
34621-4-0-0.wav,4,2
192269-2-0-1.wav,2,2
74458-9-1-13.wav,9,2
145608-6-3-0.wav,6,2
69883-3-0-20.wav,3,2
178521-2-0-22.wav,2,2
123688-8-2-0.wav,8,2
34621-4-27-0.wav,4,2
189023-0-0-7.wav,0,2
97193-3-0-4.wav,3,2
159747-8-0-2.wav,8,2
14387-9-0-16.wav,9,2
149370-9-0-32.wav,9,2
174994-3-0-2.wav,3,2
174293-6-1-0.wav,6,2
169098-7-4-11.wav,7,2
203929-7-6-10.wav,7,2
72567-1-2-2.wav,1,2
149370-9-0-15.wav,9,2
74507-0-0-18.wav,0,2
176634-1-0-0.wav,1,2
106015-5-0-4.wav,5,2
149254-9-0-51.wav,9,2
109703-2-0-134.wav,2,2
106015-5-0-6.wav,5,2
201652-5-5-2.wav,5,2
201652-5-4-3.wav,5,2
106015-5-0-14.wav,5,2
174293-6-0-0.wav,6,2
77751-4-1-0.wav,4,2
93193-9-1-22.wav,9,2
123688-8-0-18.wav,8,2
73623-7-1-1.wav,7,2
76086-4-0-12.wav,4,2
109703-2-0-50.wav,2,2
102871-8-0-7.wav,8,2
74226-9-0-13.wav,9,2
203929-7-9-0.wav,7,2
96920-9-0-8.wav,9,2
14387-9-0-7.wav,9,2
58202-1-0-0.wav,1,2
203929-7-6-9.wav,7,2
34621-4-13-0.wav,4,2
14780-9-0-2.wav,9,2
143970-5-0-1.wav,5,2
159747-8-0-13.wav,8,2
159747-8-0-16.wav,8,2
147926-0-0-7.wav,0,2
